Workbook

Sheet Devis
A1: DEVIS
A3: Mon activité
A4: Lieu
A5: Client
A6: Devis numéro
A7: Date
A8: Valable (en jours)
A10: Désignation | B10: Quantité | C10: Prix à l'unité | D10: Total
D11: =IF(OR($B11="",$C11=""),"",$B11*$C11)
D12: =IF(OR($B12="",$C12=""),"",$B12*$C12)
D13: =IF(OR($B13="",$C13=""),"",$B13*$C13)
D14: =IF(OR($B14="",$C14=""),"",$B14*$C14)
D15: =IF(OR($B15="",$C15=""),"",$B15*$C15)
D16: =IF(OR($B16="",$C16=""),"",$B16*$C16)
D17: =IF(OR($B17="",$C17=""),"",$B17*$C17)
D18: =IF(OR($B18="",$C18=""),"",$B18*$C18)
D19: =IF(OR($B19="",$C19=""),"",$B19*$C19)
D20: =IF(OR($B20="",$C20=""),"",$B20*$C20)
D21: =IF(OR($B21="",$C21=""),"",$B21*$C21)
D22: =IF(OR($B22="",$C22=""),"",$B22*$C22)
... D25: =IF(OR($B25="",$C25=""),"",$B25*$C25)
A27: Total | D27: =SUM($D$11:$D$25)
A28: Acompte demandé, en %
A29: Acompte, en FCFA | D29: =IF($D$28="","",ROUND($D$27*$D$28,0))
A30: Reste à payer | D30: =IF($D$29="",$D$27,$D$27-$D$29)
A32: Délai de livraison
A33: Moyens de paiement
A35: Ce document n'est pas une facture normalisée.

Sheet Facture
A1: FACTURE SIMPLE
A3: Mon activité | B3: =IF(Devis!$B$3="","",Devis!$B$3)
A4: Lieu | B4: =IF(Devis!$B$4="","",Devis!$B$4)
A5: Client | B5: =IF(Devis!$B$5="","",Devis!$B$5)
A6: Devis numéro | B6: =IF(Devis!$B$6="","",Devis!$B$6)
A7: Facture numéro
A8: Date de la facture
A10: Désignation | B10: Quantité | C10: Prix à l'unité | D10: Total
A11: =IF(Devis!$A11="","",Devis!$A11) | B11: =IF(Devis!$B11="","",Devis!$B11) | C11: =IF(Devis!$C11="","",Devis!$C11) | D11: =IF(Devis!$D11="","",Devis!$D11)
A12: =IF(Devis!$A12="","",Devis!$A12) | B12: =IF(Devis!$B12="","",Devis!$B12) | C12: =IF(Devis!$C12="","",Devis!$C12) | D12: =IF(Devis!$D12="","",Devis!$D12)
A13: =IF(Devis!$A13="","",Devis!$A13) | B13: =IF(Devis!$B13="","",Devis!$B13) | C13: =IF(Devis!$C13="","",Devis!$C13) | D13: =IF(Devis!$D13="","",Devis!$D13)
A14: =IF(Devis!$A14="","",Devis!$A14) | B14: =IF(Devis!$B14="","",Devis!$B14) | C14: =IF(Devis!$C14="","",Devis!$C14) | D14: =IF(Devis!$D14="","",Devis!$D14)
A15: =IF(Devis!$A15="","",Devis!$A15) | B15: =IF(Devis!$B15="","",Devis!$B15) | C15: =IF(Devis!$C15="","",Devis!$C15) | D15: =IF(Devis!$D15="","",Devis!$D15)
A16: =IF(Devis!$A16="","",Devis!$A16) | B16: =IF(Devis!$B16="","",Devis!$B16) | C16: =IF(Devis!$C16="","",Devis!$C16) | D16: =IF(Devis!$D16="","",Devis!$D16)
A17: =IF(Devis!$A17="","",Devis!$A17) | B17: =IF(Devis!$B17="","",Devis!$B17) | C17: =IF(Devis!$C17="","",Devis!$C17) | D17: =IF(Devis!$D17="","",Devis!$D17)
A18: =IF(Devis!$A18="","",Devis!$A18) | B18: =IF(Devis!$B18="","",Devis!$B18) | C18: =IF(Devis!$C18="","",Devis!$C18) | D18: =IF(Devis!$D18="","",Devis!$D18)
A19: =IF(Devis!$A19="","",Devis!$A19) | B19: =IF(Devis!$B19="","",Devis!$B19) | C19: =IF(Devis!$C19="","",Devis!$C19) | D19: =IF(Devis!$D19="","",Devis!$D19)
A20: =IF(Devis!$A20="","",Devis!$A20) | B20: =IF(Devis!$B20="","",Devis!$B20) | C20: =IF(Devis!$C20="","",Devis!$C20) | D20: =IF(Devis!$D20="","",Devis!$D20)
A21: =IF(Devis!$A21="","",Devis!$A21) | B21: =IF(Devis!$B21="","",Devis!$B21) | C21: =IF(Devis!$C21="","",Devis!$C21) | D21: =IF(Devis!$D21="","",Devis!$D21)
A22: =IF(Devis!$A22="","",Devis!$A22) | B22: =IF(Devis!$B22="","",Devis!$B22) | C22: =IF(Devis!$C22="","",Devis!$C22) | D22: =IF(Devis!$D22="","",Devis!$D22)
... A25: =IF(Devis!$A25="","",Devis!$A25) | B25: =IF(Devis!$B25="","",Devis!$B25) | C25: =IF(Devis!$C25="","",Devis!$C25) | D25: =IF(Devis!$D25="","",Devis!$D25)
A27: Total | D27: =SUM($D$11:$D$25)
A28: Déjà payé
A29: Reste à payer | D29: =$D$27-$D$28
A31: Payé par
A33: Ce document n'est pas une facture normalisée.

Sheet Mode d'emploi
A1: Devis et facture simple : mode d'emploi
A3: COMMENT REMPLIR :
A4: 1. Écrivez seulement dans les cases blanches et dans les cases jaunes. Les cases grises se calculent seules : n'y touchez pas.
A5: 2. Onglet Devis : une ligne par prestation. Écrivez la quantité et le prix d'une seule unité, en chiffres, sans le mot FCFA. Le total de la ligne se calcule seul.
A6: 3. Dans la case jaune « Acompte demandé, en % », écrivez par exemple 30 %. Le montant de l'acompte et le reste à payer se calculent seuls. Sans acompte, laissez la case vide.
A7: 4. Si une quantité ou un prix devient rouge, retapez la case : des chiffres seulement (250000).
A8: 5. Pour envoyer le devis : enregistrez l'onglet Devis en PDF, puis envoyez le PDF sur WhatsApp.
A10: L'ONGLET FACTURE :
A11: Il reprend seul les lignes du devis. À la fin du travail, écrivez le numéro et la date de la facture, puis ce que le client a déjà payé dans la case jaune. Le reste à payer se calcule seul.
A12: Pour un nouveau client, faites d'abord une copie du document : un document par devis.
A14: À SAVOIR :
A15: Ce document n'est pas une facture normalisée. Dans plusieurs pays, dont le Bénin, la Côte d'Ivoire, le Niger et le Burkina Faso, la facture officielle passe par un dispositif de l'État : ce tableau ne la remplace pas. Pour une facture officielle, adressez-vous à votre comptable.
... A18: EXEMPLE (ne modifiez pas cet exemple, il sert seulement de modèle) :
A19: Désignation | B19: Quantité | C19: Prix à l'unité | D19: Total
A20: Photo et vidéo du mariage | B20: 1 | C20: 250000 | D20: =B20*C20
A21: Séance photo avant le mariage | B21: 1 | C21: 20000 | D21: =B21*C21
A22: Total | D22: =SUM(D20:D21)
A23: Acompte demandé, en % | D23: 0.3
A24: Acompte, en FCFA | D24: =ROUND(D22*D23,0)
A25: Reste à payer | D25: =D22-D24
A27: Le total est de 270 000 FCFA. Avec un acompte de 30 %, le client paie 81 000 FCFA à la réservation et il reste 189 000 FCFA à payer.
A29: Document du kit « Indépendant et prestataire de services » d'AI WORK KIT.
