Workbook

Sheet Réglages
A1: Les réglages de la tournée
A3: Date de la tournée | C3: Sous la forme 05/10/2026.
A4: Heure de départ | C4: Sous la forme 07:30.
A5: Point de départ | C5: Le dépôt, la boutique ou l'entrepôt.

Sheet Tournée
A1: Ordre | B1: Arrêt | C1: À livrer ou à faire | D1: Trajet depuis le point précédent, en minutes | E1: Temps sur place, en minutes | F1: Arrivée | G1: Départ | H1: Heure limite du client | I1: Livré | J1: Remarque
F2: =IF(OR($D2="",'Réglages'!$B$4=""),"",'Réglages'!$B$4+$D2/1440) | G2: =IF($F2="","",$F2+$E2/1440)
F3: =IF(OR($D3="",$G2=""),"",$G2+$D3/1440) | G3: =IF($F3="","",$F3+$E3/1440)
F4: =IF(OR($D4="",$G3=""),"",$G3+$D4/1440) | G4: =IF($F4="","",$F4+$E4/1440)
F5: =IF(OR($D5="",$G4=""),"",$G4+$D5/1440) | G5: =IF($F5="","",$F5+$E5/1440)
F6: =IF(OR($D6="",$G5=""),"",$G5+$D6/1440) | G6: =IF($F6="","",$F6+$E6/1440)
F7: =IF(OR($D7="",$G6=""),"",$G6+$D7/1440) | G7: =IF($F7="","",$F7+$E7/1440)
F8: =IF(OR($D8="",$G7=""),"",$G7+$D8/1440) | G8: =IF($F8="","",$F8+$E8/1440)
F9: =IF(OR($D9="",$G8=""),"",$G8+$D9/1440) | G9: =IF($F9="","",$F9+$E9/1440)
F10: =IF(OR($D10="",$G9=""),"",$G9+$D10/1440) | G10: =IF($F10="","",$F10+$E10/1440)
F11: =IF(OR($D11="",$G10=""),"",$G10+$D11/1440) | G11: =IF($F11="","",$F11+$E11/1440)
F12: =IF(OR($D12="",$G11=""),"",$G11+$D12/1440) | G12: =IF($F12="","",$F12+$E12/1440)
F13: =IF(OR($D13="",$G12=""),"",$G12+$D13/1440) | G13: =IF($F13="","",$F13+$E13/1440)
F14: =IF(OR($D14="",$G13=""),"",$G13+$D14/1440) | G14: =IF($F14="","",$F14+$E14/1440)
... F41: =IF(OR($D41="",$G40=""),"",$G40+$D41/1440) | G41: =IF($F41="","",$F41+$E41/1440)

Sheet Résumé
A1: La tournée en un coup d'œil
A3: Nombre d'arrêts | B3: =COUNT(Tournée!$D$2:$D$41)
A4: Temps de route, en minutes | B4: =SUM(Tournée!$D$2:$D$41)
A5: Temps sur place, en minutes | B5: =SUM(Tournée!$E$2:$E$41)
A6: Durée de la tournée, en minutes | B6: =SUM(Tournée!$D$2:$D$41)+SUM(Tournée!$E$2:$E$41)
A7: Heure de fin au dernier arrêt | B7: =IF(COUNT(Tournée!$G$2:$G$41)=0,"",MAX(Tournée!$G$2:$G$41))
A8: Arrêts livrés | B8: =COUNTIF(Tournée!$I$2:$I$41,"Oui")

Sheet Mode d'emploi
A1: Plan de tournée : mode d'emploi
A3: COMMENT REMPLIR :
A4: 1. Onglet Réglages : écrivez la date et l'heure de départ, sous la forme 07:30.
A5: 2. Onglet Tournée : une ligne par arrêt, dans l'ordre de passage, sans laisser de ligne vide entre deux arrêts.
A6: 3. Écrivez le temps de trajet depuis le point précédent et le temps sur place, en minutes, en chiffres seulement.
A7: 4. Les cases grises « Arrivée » et « Départ » se calculent seules : n'y touchez pas. Comparez l'heure d'arrivée à l'heure limite du client.
A8: 5. Pendant la tournée, mettez « Oui » dans Livré à chaque arrêt fait.
A10: POUR CHANGER L'ORDRE :
A11: Réécrivez les arrêts dans le nouvel ordre : les heures se recalculent. Le trajet d'un arrêt change quand le point précédent change.
A13: À SAVOIR :
A14: Les temps de trajet sont les vôtres : le tableau ne connaît ni les distances ni les embouteillages. Gardez une marge. Écrivez le quartier ou le nom du commerce, pas l'adresse précise ni le numéro d'une personne.
A16: EXEMPLE, pour un départ à 07:30 (ne modifiez pas cet exemple, il sert seulement de modèle) :
A17: Ordre | B17: Arrêt | C17: À livrer ou à faire | D17: Trajet depuis le point précédent, en minutes | E17: Temps sur place, en minutes | F17: Arrivée | G17: Départ | H17: Heure limite du client | I17: Livré | J17: Remarque
A18: 1 | B18: Akpakpa | C18: 2 colis | D18: 20 | E18: 10 | F18: 0.32638889 | G18: 0.33333333 | I18: Oui
A19: 2 | B19: Cadjèhoun | C19: 1 colis, paiement à la livraison | D19: 25 | E19: 15 | F19: 0.35069444 | G19: 0.36111111 | H19: 09:00 | I19: Non
A21: Dans cet exemple : départ à 07:30, 20 minutes de trajet, arrivée à 07:50. Après 10 minutes sur place, départ à 08:00, puis 25 minutes de trajet : arrivée à 08:25.
A23: Document du kit « Logistique / Supply Chain » d'AI WORK KIT.
