Workbook

Sheet Demandes
A1: N° | B1: Reçue le | C1: Canal | D1: Repère du client | E1: Sujet | F1: La demande, en quelques mots | G1: Urgence | H1: Confiée à | I1: État | J1: Résolue le | K1: Jours
K2: =IF($B2="","",IF($J2<>"",$J2-$B2,TODAY()-$B2))
K3: =IF($B3="","",IF($J3<>"",$J3-$B3,TODAY()-$B3))
K4: =IF($B4="","",IF($J4<>"",$J4-$B4,TODAY()-$B4))
K5: =IF($B5="","",IF($J5<>"",$J5-$B5,TODAY()-$B5))
K6: =IF($B6="","",IF($J6<>"",$J6-$B6,TODAY()-$B6))
K7: =IF($B7="","",IF($J7<>"",$J7-$B7,TODAY()-$B7))
K8: =IF($B8="","",IF($J8<>"",$J8-$B8,TODAY()-$B8))
K9: =IF($B9="","",IF($J9<>"",$J9-$B9,TODAY()-$B9))
K10: =IF($B10="","",IF($J10<>"",$J10-$B10,TODAY()-$B10))
K11: =IF($B11="","",IF($J11<>"",$J11-$B11,TODAY()-$B11))
K12: =IF($B12="","",IF($J12<>"",$J12-$B12,TODAY()-$B12))
K13: =IF($B13="","",IF($J13<>"",$J13-$B13,TODAY()-$B13))
... K501: =IF($B501="","",IF($J501<>"",$J501-$B501,TODAY()-$B501))

Sheet Résumé
A1: Les demandes en un coup d'œil
A3: Demandes reçues | B3: =COUNT(Demandes!$B$2:$B$501)
A4: Demandes ouvertes ou en cours | B4: =COUNTIF(Demandes!$I$2:$I$501,"Ouverte")+COUNTIF(Demandes!$I$2:$I$501,"En cours")
A5: Demandes urgentes pas encore résolues | B5: =COUNTIFS(Demandes!$G$2:$G$501,"Haute",Demandes!$I$2:$I$501,"<>Résolue",Demandes!$B$2:$B$501,">0")
A6: Demandes en attente depuis plus de 3 jours | B6: =COUNTIFS(Demandes!$K$2:$K$501,">3",Demandes!$I$2:$I$501,"<>Résolue")
A7: Délai moyen de résolution, en jours | B7: =IF(COUNTIF(Demandes!$I$2:$I$501,"Résolue")=0,"",AVERAGEIFS(Demandes!$K$2:$K$501,Demandes!$I$2:$I$501,"Résolue"))
A8: Demandes sur le sujet : Livraison | B8: =COUNTIF(Demandes!$E$2:$E$501,"Livraison")
A9: Demandes sur le sujet : Paiement | B9: =COUNTIF(Demandes!$E$2:$E$501,"Paiement")
A10: Demandes sur le sujet : Remboursement | B10: =COUNTIF(Demandes!$E$2:$E$501,"Remboursement")
A11: Demandes sur le sujet : Panne ou défaut | B11: =COUNTIF(Demandes!$E$2:$E$501,"Panne ou défaut")
A12: Demandes sur le sujet : Information | B12: =COUNTIF(Demandes!$E$2:$E$501,"Information")
A13: Demandes sur le sujet : Autre | B13: =COUNTIF(Demandes!$E$2:$E$501,"Autre")

Sheet Mode d'emploi
A1: Registre des demandes : mode d'emploi
A3: COMMENT REMPLIR :
A4: 1. Une ligne par demande. Écrivez seulement dans les cases blanches : la case grise « Jours » se calcule seule.
A5: 2. Dates sous la forme 05/10/2026. Une case rouge dans une colonne de date : retapez-la.
A6: 3. Repère du client : un prénom, un quartier ou les derniers chiffres d'une commande. Jamais le nom complet, le numéro ou la référence de paiement.
A7: 4. Choisissez le canal, le sujet, l'urgence et l'état dans les listes. Mettez l'état « Ouverte » à l'arrivée, puis « Résolue » et la date quand la demande est réglée.
A9: LA COLONNE JOURS :
A10: Pour une demande résolue : le nombre de jours qu'il a fallu. Pour une demande encore ouverte : le nombre de jours depuis son arrivée. Au-delà de 3 jours, la case passe en rouge.
A12: L'ONGLET RÉSUMÉ :
A13: Il compte seul les demandes ouvertes, les demandes urgentes, celles qui attendent depuis plus de 3 jours, le délai moyen de résolution et le nombre de demandes par sujet.
A15: EXEMPLE (ne modifiez pas cet exemple, il sert seulement de modèle) :
A16: N° | B16: Reçue le | C16: Canal | D16: Repère du client | E16: Sujet | F16: La demande, en quelques mots | G16: Urgence | H16: Confiée à | I16: État | J16: Résolue le | K16: Jours
A17: D-201 | B17: 46300 | C17: WhatsApp | D17: Commande 4512 | E17: Paiement | F17: Deux transferts pour une seule commande | G17: Haute | H17: Caisse | I17: Résolue | J17: 46301 | K17: =J17-B17
A18: D-202 | B18: 46300 | C18: Messenger | D18: Cliente de Thiès | E18: Information | F18: Prix de la livraison | G18: Basse | H18: Conseiller | I18: Résolue | J18: 46300 | K18: =J18-B18
A20: Dans cet exemple : la première demande, urgente, est réglée en 1 jour. La seconde est réglée le jour même : 0 jour.
A22: Document du kit « Service clientèle » d'AI WORK KIT.
