Workbook

Sheet Réponses
A1: N° | B1: Sujet | C1: La question du client | D1: Votre réponse, prête à coller | E1: Mot-clé | F1: Relue le | G1: À relire
G2: =IF($F2="","",IF(TODAY()-$F2>90,"Oui","Non"))
G3: =IF($F3="","",IF(TODAY()-$F3>90,"Oui","Non"))
G4: =IF($F4="","",IF(TODAY()-$F4>90,"Oui","Non"))
G5: =IF($F5="","",IF(TODAY()-$F5>90,"Oui","Non"))
G6: =IF($F6="","",IF(TODAY()-$F6>90,"Oui","Non"))
G7: =IF($F7="","",IF(TODAY()-$F7>90,"Oui","Non"))
G8: =IF($F8="","",IF(TODAY()-$F8>90,"Oui","Non"))
G9: =IF($F9="","",IF(TODAY()-$F9>90,"Oui","Non"))
G10: =IF($F10="","",IF(TODAY()-$F10>90,"Oui","Non"))
G11: =IF($F11="","",IF(TODAY()-$F11>90,"Oui","Non"))
G12: =IF($F12="","",IF(TODAY()-$F12>90,"Oui","Non"))
G13: =IF($F13="","",IF(TODAY()-$F13>90,"Oui","Non"))
... G201: =IF($F201="","",IF(TODAY()-$F201>90,"Oui","Non"))

Sheet Résumé
A1: Vos réponses en un coup d'œil
A3: Réponses types | B3: =COUNTA(Réponses!$D$2:$D$201)
A4: Réponses à relire | B4: =COUNTIF(Réponses!$G$2:$G$201,"Oui")
A5: Réponses sur le sujet : Livraison | B5: =COUNTIF(Réponses!$B$2:$B$201,"Livraison")
A6: Réponses sur le sujet : Paiement | B6: =COUNTIF(Réponses!$B$2:$B$201,"Paiement")
A7: Réponses sur le sujet : Remboursement | B7: =COUNTIF(Réponses!$B$2:$B$201,"Remboursement")
A8: Réponses sur le sujet : Panne ou défaut | B8: =COUNTIF(Réponses!$B$2:$B$201,"Panne ou défaut")
A9: Réponses sur le sujet : Information | B9: =COUNTIF(Réponses!$B$2:$B$201,"Information")
A10: Réponses sur le sujet : Autre | B10: =COUNTIF(Réponses!$B$2:$B$201,"Autre")

Sheet Mode d'emploi
A1: Réponses types : mode d'emploi
A3: COMMENT REMPLIR :
A4: 1. Une ligne par question qui revient. Choisissez le sujet dans la liste, écrivez la question comme le client la pose, puis votre réponse.
A5: 2. La réponse commence par une salutation, tient en 4 lignes au plus et finit par une question ou une invitation.
A6: 3. Mot-clé : le mot court que vous taperez dans WhatsApp Business pour retrouver la réponse rapide.
A7: 4. Relue le : la date de votre dernière relecture, sous la forme 05/10/2026. Après 90 jours, la case « À relire » affiche « Oui », en orange.
A9: POUR S'EN SERVIR :
A10: Copiez les réponses les plus utilisées dans WhatsApp Business : Outils professionnels, Réponses rapides. Relisez une réponse dès qu'un prix, un délai ou une règle change.
A12: À SAVOIR :
A13: Une réponse type sert pour une question simple. Pour une réclamation, écrivez une réponse pour ce client.
A15: EXEMPLE (ne modifiez pas cet exemple, il sert seulement de modèle) :
A16: N° | B16: Sujet | C16: La question du client | D16: Votre réponse, prête à coller | E16: Mot-clé | F16: Relue le | G16: À relire
A17: 1 | B17: Livraison | C17: Vous livrez à quelle heure ? | D17: Bonjour et merci pour votre message. Nous livrons du lundi au samedi, entre 9 h et 18 h. Le livreur vous appelle avant de partir. Quel quartier vous arrange ? | E17: heure | F17: 46300 | G17: =IF(TODAY()-F17>90,"Oui","Non")
A19: Dans cet exemple : la réponse salue, donne l'information et finit par une question. Les horaires sont ceux de l'exemple : écrivez les vôtres.
A21: Document du kit « Service clientèle » d'AI WORK KIT.
