Workbook

Sheet Projets
A1: N° | B1: Client | C1: Vidéo à livrer | D1: Montant du devis (FCFA) | E1: Déjà reçu (FCFA) | F1: Reste à recevoir (FCFA) | G1: Versions comprises | H1: Versions livrées | I1: Versions restantes | J1: État | K1: Échéance | L1: Jours restants
F2: =IF($D2="","",IF($J2="Soldé",0,$D2-$E2)) | I2: =IF($G2="","",$G2-$H2) | L2: =IF(OR($K2="",$J2="Livré",$J2="Soldé"),"",$K2-TODAY())
F3: =IF($D3="","",IF($J3="Soldé",0,$D3-$E3)) | I3: =IF($G3="","",$G3-$H3) | L3: =IF(OR($K3="",$J3="Livré",$J3="Soldé"),"",$K3-TODAY())
F4: =IF($D4="","",IF($J4="Soldé",0,$D4-$E4)) | I4: =IF($G4="","",$G4-$H4) | L4: =IF(OR($K4="",$J4="Livré",$J4="Soldé"),"",$K4-TODAY())
F5: =IF($D5="","",IF($J5="Soldé",0,$D5-$E5)) | I5: =IF($G5="","",$G5-$H5) | L5: =IF(OR($K5="",$J5="Livré",$J5="Soldé"),"",$K5-TODAY())
F6: =IF($D6="","",IF($J6="Soldé",0,$D6-$E6)) | I6: =IF($G6="","",$G6-$H6) | L6: =IF(OR($K6="",$J6="Livré",$J6="Soldé"),"",$K6-TODAY())
F7: =IF($D7="","",IF($J7="Soldé",0,$D7-$E7)) | I7: =IF($G7="","",$G7-$H7) | L7: =IF(OR($K7="",$J7="Livré",$J7="Soldé"),"",$K7-TODAY())
F8: =IF($D8="","",IF($J8="Soldé",0,$D8-$E8)) | I8: =IF($G8="","",$G8-$H8) | L8: =IF(OR($K8="",$J8="Livré",$J8="Soldé"),"",$K8-TODAY())
F9: =IF($D9="","",IF($J9="Soldé",0,$D9-$E9)) | I9: =IF($G9="","",$G9-$H9) | L9: =IF(OR($K9="",$J9="Livré",$J9="Soldé"),"",$K9-TODAY())
F10: =IF($D10="","",IF($J10="Soldé",0,$D10-$E10)) | I10: =IF($G10="","",$G10-$H10) | L10: =IF(OR($K10="",$J10="Livré",$J10="Soldé"),"",$K10-TODAY())
F11: =IF($D11="","",IF($J11="Soldé",0,$D11-$E11)) | I11: =IF($G11="","",$G11-$H11) | L11: =IF(OR($K11="",$J11="Livré",$J11="Soldé"),"",$K11-TODAY())
F12: =IF($D12="","",IF($J12="Soldé",0,$D12-$E12)) | I12: =IF($G12="","",$G12-$H12) | L12: =IF(OR($K12="",$J12="Livré",$J12="Soldé"),"",$K12-TODAY())
F13: =IF($D13="","",IF($J13="Soldé",0,$D13-$E13)) | I13: =IF($G13="","",$G13-$H13) | L13: =IF(OR($K13="",$J13="Livré",$J13="Soldé"),"",$K13-TODAY())
... F201: =IF($D201="","",IF($J201="Soldé",0,$D201-$E201)) | I201: =IF($G201="","",$G201-$H201) | L201: =IF(OR($K201="",$J201="Livré",$J201="Soldé"),"",$K201-TODAY())

Sheet Résumé
A1: Vos montages en un coup d'œil
A3: Projets à l'état : Devis envoyé | B3: =COUNTIF(Projets!$J$2:$J$201,"Devis envoyé")
A4: Projets à l'état : Rushes reçus | B4: =COUNTIF(Projets!$J$2:$J$201,"Rushes reçus")
A5: Projets à l'état : En montage | B5: =COUNTIF(Projets!$J$2:$J$201,"En montage")
A6: Projets à l'état : En validation | B6: =COUNTIF(Projets!$J$2:$J$201,"En validation")
A7: Projets à l'état : Livré | B7: =COUNTIF(Projets!$J$2:$J$201,"Livré")
A8: Projets à l'état : Soldé | B8: =COUNTIF(Projets!$J$2:$J$201,"Soldé")
A9: Total qui reste à recevoir (FCFA) | B9: =SUM(Projets!$F$2:$F$201)
A10: Reste à recevoir sur les projets déjà livrés (FCFA) | B10: =SUMIFS(Projets!$F$2:$F$201,Projets!$J$2:$J$201,"Livré")
A11: Projets où les versions livrées dépassent ce qui est compris | B11: =COUNTIF(Projets!$I$2:$I$201,"<0")
A12: Projets en retard | B12: =COUNTIF(Projets!$L$2:$L$201,"<0")

Sheet Mode d'emploi
A1: Suivi des projets vidéo : mode d'emploi
A3: COMMENT REMPLIR :
A4: 1. Une ligne par projet. Écrivez seulement dans les cases blanches : les trois cases grises se calculent seules.
A5: 2. Client : un prénom ou une enseigne, sans numéro de téléphone.
A6: 3. Montant du devis et somme déjà reçue : en chiffres, sans « FCFA » ni point : 30000. Le reste à recevoir se calcule seul. À l'état « Soldé », il passe à zéro.
A7: 4. Versions comprises : le nombre prévu dans votre devis. Versions livrées : ajoutez 1 chaque fois que vous envoyez une vidéo corrigée au client.
A8: 5. Échéance sous la forme 05/10/2026. Les jours restants s'affichent en orange à 2 jours ou moins, en rouge quand la date est dépassée.
A10: QUAND UNE CASE PASSE EN ROUGE :
A11: Versions restantes en rouge : le client a dépassé ce qui est compris. C'est le moment de lui parler du supplément, avant de continuer.
A13: L'ONGLET RÉSUMÉ :
A14: Il compte seul les projets par état, ce qu'il reste à recevoir, les projets livrés non soldés, les versions en trop et les retards.
A16: EXEMPLE (ne modifiez pas cet exemple, il sert seulement de modèle) :
A17: N° | B17: Client | C17: Vidéo à livrer | D17: Montant du devis (FCFA) | E17: Déjà reçu (FCFA) | F17: Reste à recevoir (FCFA) | G17: Versions comprises | H17: Versions livrées | I17: Versions restantes | J17: État | K17: Échéance | L17: Jours restants
A18: V-01 | B18: Boutique | C18: Trois vidéos courtes, format vertical | D18: 30000 | E18: 15000 | F18: =D18-E18 | G18: 2 | H18: 1 | I18: =G18-H18 | J18: En validation | K18: 46304
A19: V-02 | B19: Restaurant | C19: Vidéo courte du menu | D19: 10000 | E19: 10000 | F19: =D19-E19 | G19: 2 | H19: 3 | I19: =G19-H19 | J19: En montage | K19: 46302
A21: Dans cet exemple : pour les trois vidéos, il reste 15 000 FCFA à recevoir et une version comprise. Pour la vidéo du menu, trois versions ont été livrées pour deux comprises : la case affiche -1, en rouge dans votre tableau.
A23: Document du kit « Montage vidéo » d'AI WORK KIT.
