Workbook

Sheet Pièces
A1: Dossier | B1: Date de l'opération | C1: Opération | D1: Montant | E1: Pièce attendue | F1: Demandée le | G1: État | H1: Jours d'attente | I1: Remarque
H2: =IF(OR($F2="",$G2<>"En attente"),"",TODAY()-$F2)
H3: =IF(OR($F3="",$G3<>"En attente"),"",TODAY()-$F3)
H4: =IF(OR($F4="",$G4<>"En attente"),"",TODAY()-$F4)
H5: =IF(OR($F5="",$G5<>"En attente"),"",TODAY()-$F5)
H6: =IF(OR($F6="",$G6<>"En attente"),"",TODAY()-$F6)
H7: =IF(OR($F7="",$G7<>"En attente"),"",TODAY()-$F7)
H8: =IF(OR($F8="",$G8<>"En attente"),"",TODAY()-$F8)
H9: =IF(OR($F9="",$G9<>"En attente"),"",TODAY()-$F9)
H10: =IF(OR($F10="",$G10<>"En attente"),"",TODAY()-$F10)
H11: =IF(OR($F11="",$G11<>"En attente"),"",TODAY()-$F11)
H12: =IF(OR($F12="",$G12<>"En attente"),"",TODAY()-$F12)
H13: =IF(OR($F13="",$G13<>"En attente"),"",TODAY()-$F13)
... H201: =IF(OR($F201="",$G201<>"En attente"),"",TODAY()-$F201)

Sheet Échéances
A1: Échéance | B1: Dossier ou destinataire | C1: Date limite | D1: État | E1: Jours restants | F1: Remarque
E2: =IF(OR($C2="",$D2="Fait"),"",$C2-TODAY())
E3: =IF(OR($C3="",$D3="Fait"),"",$C3-TODAY())
E4: =IF(OR($C4="",$D4="Fait"),"",$C4-TODAY())
E5: =IF(OR($C5="",$D5="Fait"),"",$C5-TODAY())
E6: =IF(OR($C6="",$D6="Fait"),"",$C6-TODAY())
E7: =IF(OR($C7="",$D7="Fait"),"",$C7-TODAY())
E8: =IF(OR($C8="",$D8="Fait"),"",$C8-TODAY())
E9: =IF(OR($C9="",$D9="Fait"),"",$C9-TODAY())
E10: =IF(OR($C10="",$D10="Fait"),"",$C10-TODAY())
E11: =IF(OR($C11="",$D11="Fait"),"",$C11-TODAY())
E12: =IF(OR($C12="",$D12="Fait"),"",$C12-TODAY())
E13: =IF(OR($C13="",$D13="Fait"),"",$C13-TODAY())
... E101: =IF(OR($C101="",$D101="Fait"),"",$C101-TODAY())

Sheet Résumé
A1: Pièces et échéances en un coup d'œil
A3: Pièces en attente | B3: =COUNTIF(Pièces!$G$2:$G$201,"En attente")
A4: Montant des opérations sans pièce | B4: =SUMIF(Pièces!$G$2:$G$201,"En attente",Pièces!$D$2:$D$201)
A5: Pièces attendues depuis plus de 7 jours | B5: =COUNTIF(Pièces!$H$2:$H$201,">7")
A6: Échéances à faire ou en cours | B6: =COUNTIF(Échéances!$D$2:$D$101,"À faire")+COUNTIF(Échéances!$D$2:$D$101,"En cours")
A7: Échéances dans les 7 jours | B7: =COUNTIFS(Échéances!$E$2:$E$101,">=0",Échéances!$E$2:$E$101,"<=7")
A8: Échéances en retard | B8: =COUNTIF(Échéances!$E$2:$E$101,"<0")

Sheet Mode d'emploi
A1: Suivi des pièces et des échéances : mode d'emploi
A3: COMMENT REMPLIR :
A4: 1. Écrivez seulement dans les cases blanches. Les cases grises se calculent seules : n'y touchez pas.
A5: 2. Dates sous la forme 05/10/2026. Montants en chiffres, sans le mot FCFA. Une case rouge dans une colonne de saisie : retapez-la.
A7: L'ONGLET PIÈCES :
A8: Une ligne par pièce que vous attendez : le dossier, l'opération, le montant, la pièce attendue et la date de votre demande. Mettez l'état « En attente », puis « Reçue » quand la pièce arrive. Le nombre de jours d'attente se calcule seul et passe en rouge après 7 jours.
A10: L'ONGLET ÉCHÉANCES :
A11: Une ligne par échéance : ce qu'il faut rendre, pour qui, et la date limite. Le nombre de jours restants se calcule seul : orange à 7 jours ou moins, rouge quand la date est dépassée. Mettez l'état « Fait » quand c'est rendu.
A13: L'ONGLET RÉSUMÉ :
A14: Il compte seul les pièces en attente, leur montant, les échéances de la semaine et les échéances en retard.
A16: À SAVOIR :
A17: Ce tableau ne dit pas quelles déclarations vous devez faire ni à quelle date : ces règles viennent de l'administration ou de l'expert-comptable. N'écrivez ni nom complet ni numéro.
A19: EXEMPLE de l'onglet Pièces (ne modifiez pas cet exemple, il sert seulement de modèle) :
A20: Dossier | B20: Date de l'opération | C20: Opération | D20: Montant | E20: Pièce attendue | F20: Demandée le | G20: État | H20: Jours d'attente | I20: Remarque
A21: Boutique de téléphones | B21: 46298 | C21: Facture d'électricité | D21: 30000 | E21: Facture | F21: 46300 | G21: En attente | H21: =TODAY()-F21
A22: Boutique de téléphones | B22: 46301 | C22: Paiement reçu sans libellé | D22: 40000 | E22: Capture de paiement | F22: 46301 | G22: Reçue
A24: Dans cet exemple : la facture d'électricité est attendue depuis le 5 octobre, le compteur de jours tourne. La seconde pièce est reçue : plus de compteur.
A26: Document du kit « Comptabilité » d'AI WORK KIT.
