Workbook

Sheet Rendez-vous
A1: Date | B1: Heure | C1: Avec qui | D1: Objet | E1: Lieu ou canal | F1: Confirmé | G1: État | H1: Suite à donner

Sheet Réunions
A1: Date | B1: Objet de la réunion | C1: Participants | D1: Compte rendu envoyé | E1: Actions décidées | F1: Actions faites | G1: Actions qui restent | H1: Remarque
G2: =IF($E2="","",$E2-$F2)
G3: =IF($E3="","",$E3-$F3)
G4: =IF($E4="","",$E4-$F4)
G5: =IF($E5="","",$E5-$F5)
G6: =IF($E6="","",$E6-$F6)
G7: =IF($E7="","",$E7-$F7)
G8: =IF($E8="","",$E8-$F8)
G9: =IF($E9="","",$E9-$F9)
G10: =IF($E10="","",$E10-$F10)
G11: =IF($E11="","",$E11-$F11)
G12: =IF($E12="","",$E12-$F12)
G13: =IF($E13="","",$E13-$F13)
... G151: =IF($E151="","",$E151-$F151)

Sheet Résumé
A1: La semaine en un coup d'œil
A3: Rendez-vous prévus | B3: =COUNTIF('Rendez-vous'!$G$2:$G$301,"Prévu")
A4: Rendez-vous prévus à confirmer | B4: =COUNTIFS('Rendez-vous'!$G$2:$G$301,"Prévu",'Rendez-vous'!$F$2:$F$301,"<>Oui")
A5: Rendez-vous reportés | B5: =COUNTIF('Rendez-vous'!$G$2:$G$301,"Reporté")
A6: Réunions notées | B6: =COUNT(Réunions!$A$2:$A$151)
A7: Réunions sans compte rendu envoyé | B7: =COUNTIF(Réunions!$D$2:$D$151,"Non")
A8: Actions qui restent à faire | B8: =SUM(Réunions!$G$2:$G$151)

Sheet Mode d'emploi
A1: Suivi des rendez-vous et des réunions : mode d'emploi
A3: COMMENT REMPLIR :
A4: 1. Écrivez seulement dans les cases blanches. Dates sous la forme 05/10/2026, heures sous la forme 9 h 30.
A5: 2. Dans « Avec qui », écrivez la fonction ou l'organisme, pas le nom complet ni le numéro de la personne.
A7: L'ONGLET RENDEZ-VOUS :
A8: Une ligne par rendez-vous. Mettez l'état « Prévu », puis « Tenu », « Reporté » ou « Annulé ». Mettez « Oui » dans Confirmé quand la personne a confirmé : un rendez-vous prévu et non confirmé s'affiche en orange.
A10: L'ONGLET RÉUNIONS :
A11: Une ligne par réunion : la date, l'objet, le nombre de participants, si le compte rendu est envoyé, le nombre d'actions décidées et le nombre d'actions faites. Le reste se calcule seul.
A13: L'ONGLET RÉSUMÉ :
A14: Il compte seul les rendez-vous à confirmer, les rendez-vous reportés, les réunions sans compte rendu et les actions qui restent.
A16: EXEMPLE de l'onglet Réunions (ne modifiez pas cet exemple, il sert seulement de modèle) :
A17: Date | B17: Objet de la réunion | C17: Participants | D17: Compte rendu envoyé | E17: Actions décidées | F17: Actions faites | G17: Actions qui restent | H17: Remarque
A18: 46300 | B18: Réunion de rentrée du personnel | C18: 12 | D18: Oui | E18: 6 | F18: 4 | G18: =E18-F18
A19: 46303 | B19: Préparation des inscriptions | C19: 5 | D19: Non | E19: 3 | F19: 0 | G19: =E19-F19 | H19: Compte rendu à envoyer
A21: Dans cet exemple : il reste 2 actions à faire après la première réunion, et 3 après la seconde, dont le compte rendu n'est pas encore envoyé.
A23: Document du kit « Secrétariat / Administration » d'AI WORK KIT.
