Workbook

Sheet Soldes
A1: Personne (prénom ou matricule) | B1: Jours de congé de l'année | C1: Jours accordés ou pris | D1: Reste
C2: =IF($A2="","",SUMIFS(Absences!$E$2:$E$251,Absences!$A$2:$A$251,$A2,Absences!$B$2:$B$251,"Congé annuel",Absences!$F$2:$F$251,"Accordé")+SUMIFS(Absences!$E$2:$E$251,Absences!$A$2:$A$251,$A2,Absences!$B$2:$B$251,"Congé annuel",Absences!$F$2:$F$251,"Pris")) | D2: =IF(OR($A2="",$B2=""),"",$B2-$C2)
C3: =IF($A3="","",SUMIFS(Absences!$E$2:$E$251,Absences!$A$2:$A$251,$A3,Absences!$B$2:$B$251,"Congé annuel",Absences!$F$2:$F$251,"Accordé")+SUMIFS(Absences!$E$2:$E$251,Absences!$A$2:$A$251,$A3,Absences!$B$2:$B$251,"Congé annuel",Absences!$F$2:$F$251,"Pris")) | D3: =IF(OR($A3="",$B3=""),"",$B3-$C3)
C4: =IF($A4="","",SUMIFS(Absences!$E$2:$E$251,Absences!$A$2:$A$251,$A4,Absences!$B$2:$B$251,"Congé annuel",Absences!$F$2:$F$251,"Accordé")+SUMIFS(Absences!$E$2:$E$251,Absences!$A$2:$A$251,$A4,Absences!$B$2:$B$251,"Congé annuel",Absences!$F$2:$F$251,"Pris")) | D4: =IF(OR($A4="",$B4=""),"",$B4-$C4)
C5: =IF($A5="","",SUMIFS(Absences!$E$2:$E$251,Absences!$A$2:$A$251,$A5,Absences!$B$2:$B$251,"Congé annuel",Absences!$F$2:$F$251,"Accordé")+SUMIFS(Absences!$E$2:$E$251,Absences!$A$2:$A$251,$A5,Absences!$B$2:$B$251,"Congé annuel",Absences!$F$2:$F$251,"Pris")) | D5: =IF(OR($A5="",$B5=""),"",$B5-$C5)
C6: =IF($A6="","",SUMIFS(Absences!$E$2:$E$251,Absences!$A$2:$A$251,$A6,Absences!$B$2:$B$251,"Congé annuel",Absences!$F$2:$F$251,"Accordé")+SUMIFS(Absences!$E$2:$E$251,Absences!$A$2:$A$251,$A6,Absences!$B$2:$B$251,"Congé annuel",Absences!$F$2:$F$251,"Pris")) | D6: =IF(OR($A6="",$B6=""),"",$B6-$C6)
C7: =IF($A7="","",SUMIFS(Absences!$E$2:$E$251,Absences!$A$2:$A$251,$A7,Absences!$B$2:$B$251,"Congé annuel",Absences!$F$2:$F$251,"Accordé")+SUMIFS(Absences!$E$2:$E$251,Absences!$A$2:$A$251,$A7,Absences!$B$2:$B$251,"Congé annuel",Absences!$F$2:$F$251,"Pris")) | D7: =IF(OR($A7="",$B7=""),"",$B7-$C7)
C8: =IF($A8="","",SUMIFS(Absences!$E$2:$E$251,Absences!$A$2:$A$251,$A8,Absences!$B$2:$B$251,"Congé annuel",Absences!$F$2:$F$251,"Accordé")+SUMIFS(Absences!$E$2:$E$251,Absences!$A$2:$A$251,$A8,Absences!$B$2:$B$251,"Congé annuel",Absences!$F$2:$F$251,"Pris")) | D8: =IF(OR($A8="",$B8=""),"",$B8-$C8)
C9: =IF($A9="","",SUMIFS(Absences!$E$2:$E$251,Absences!$A$2:$A$251,$A9,Absences!$B$2:$B$251,"Congé annuel",Absences!$F$2:$F$251,"Accordé")+SUMIFS(Absences!$E$2:$E$251,Absences!$A$2:$A$251,$A9,Absences!$B$2:$B$251,"Congé annuel",Absences!$F$2:$F$251,"Pris")) | D9: =IF(OR($A9="",$B9=""),"",$B9-$C9)
C10: =IF($A10="","",SUMIFS(Absences!$E$2:$E$251,Absences!$A$2:$A$251,$A10,Absences!$B$2:$B$251,"Congé annuel",Absences!$F$2:$F$251,"Accordé")+SUMIFS(Absences!$E$2:$E$251,Absences!$A$2:$A$251,$A10,Absences!$B$2:$B$251,"Congé annuel",Absences!$F$2:$F$251,"Pris")) | D10: =IF(OR($A10="",$B10=""),"",$B10-$C10)
C11: =IF($A11="","",SUMIFS(Absences!$E$2:$E$251,Absences!$A$2:$A$251,$A11,Absences!$B$2:$B$251,"Congé annuel",Absences!$F$2:$F$251,"Accordé")+SUMIFS(Absences!$E$2:$E$251,Absences!$A$2:$A$251,$A11,Absences!$B$2:$B$251,"Congé annuel",Absences!$F$2:$F$251,"Pris")) | D11: =IF(OR($A11="",$B11=""),"",$B11-$C11)
C12: =IF($A12="","",SUMIFS(Absences!$E$2:$E$251,Absences!$A$2:$A$251,$A12,Absences!$B$2:$B$251,"Congé annuel",Absences!$F$2:$F$251,"Accordé")+SUMIFS(Absences!$E$2:$E$251,Absences!$A$2:$A$251,$A12,Absences!$B$2:$B$251,"Congé annuel",Absences!$F$2:$F$251,"Pris")) | D12: =IF(OR($A12="",$B12=""),"",$B12-$C12)
C13: =IF($A13="","",SUMIFS(Absences!$E$2:$E$251,Absences!$A$2:$A$251,$A13,Absences!$B$2:$B$251,"Congé annuel",Absences!$F$2:$F$251,"Accordé")+SUMIFS(Absences!$E$2:$E$251,Absences!$A$2:$A$251,$A13,Absences!$B$2:$B$251,"Congé annuel",Absences!$F$2:$F$251,"Pris")) | D13: =IF(OR($A13="",$B13=""),"",$B13-$C13)
... C61: =IF($A61="","",SUMIFS(Absences!$E$2:$E$251,Absences!$A$2:$A$251,$A61,Absences!$B$2:$B$251,"Congé annuel",Absences!$F$2:$F$251,"Accordé")+SUMIFS(Absences!$E$2:$E$251,Absences!$A$2:$A$251,$A61,Absences!$B$2:$B$251,"Congé annuel",Absences!$F$2:$F$251,"Pris")) | D61: =IF(OR($A61="",$B61=""),"",$B61-$C61)

Sheet Absences
A1: Personne | B1: Type | C1: Du | D1: Au | E1: Jours | F1: État | G1: Remarque
E2: =IF(OR($C2="",$D2=""),"",$D2-$C2+1)
E3: =IF(OR($C3="",$D3=""),"",$D3-$C3+1)
E4: =IF(OR($C4="",$D4=""),"",$D4-$C4+1)
E5: =IF(OR($C5="",$D5=""),"",$D5-$C5+1)
E6: =IF(OR($C6="",$D6=""),"",$D6-$C6+1)
E7: =IF(OR($C7="",$D7=""),"",$D7-$C7+1)
E8: =IF(OR($C8="",$D8=""),"",$D8-$C8+1)
E9: =IF(OR($C9="",$D9=""),"",$D9-$C9+1)
E10: =IF(OR($C10="",$D10=""),"",$D10-$C10+1)
E11: =IF(OR($C11="",$D11=""),"",$D11-$C11+1)
E12: =IF(OR($C12="",$D12=""),"",$D12-$C12+1)
E13: =IF(OR($C13="",$D13=""),"",$D13-$C13+1)
... E251: =IF(OR($C251="",$D251=""),"",$D251-$C251+1)

Sheet Résumé
A1: Les absences en un coup d'œil
A3: Personnes suivies | B3: =COUNTA(Soldes!$A$2:$A$61)
A4: Absences en cours aujourd'hui | B4: =COUNTIFS(Absences!$C$2:$C$251,"<="&TODAY(),Absences!$D$2:$D$251,">="&TODAY(),Absences!$F$2:$F$251,"Accordé")+COUNTIFS(Absences!$C$2:$C$251,"<="&TODAY(),Absences!$D$2:$D$251,">="&TODAY(),Absences!$F$2:$F$251,"Pris")
A5: Absences accordées qui commencent dans les 30 prochains jours | B5: =COUNTIFS(Absences!$C$2:$C$251,">"&TODAY(),Absences!$C$2:$C$251,"<="&TODAY()+30,Absences!$F$2:$F$251,"Accordé")
A6: Demandes en attente de réponse | B6: =COUNTIF(Absences!$F$2:$F$251,"Demandé")
A7: Personnes dont le solde de congés est dépassé | B7: =COUNTIF(Soldes!$D$2:$D$61,"<0")
A8: Jours accordés ou pris : Congé annuel | B8: =SUMIFS(Absences!$E$2:$E$251,Absences!$B$2:$B$251,"Congé annuel",Absences!$F$2:$F$251,"Accordé")+SUMIFS(Absences!$E$2:$E$251,Absences!$B$2:$B$251,"Congé annuel",Absences!$F$2:$F$251,"Pris")
A9: Jours accordés ou pris : Permission | B9: =SUMIFS(Absences!$E$2:$E$251,Absences!$B$2:$B$251,"Permission",Absences!$F$2:$F$251,"Accordé")+SUMIFS(Absences!$E$2:$E$251,Absences!$B$2:$B$251,"Permission",Absences!$F$2:$F$251,"Pris")
A10: Jours accordés ou pris : Maladie | B10: =SUMIFS(Absences!$E$2:$E$251,Absences!$B$2:$B$251,"Maladie",Absences!$F$2:$F$251,"Accordé")+SUMIFS(Absences!$E$2:$E$251,Absences!$B$2:$B$251,"Maladie",Absences!$F$2:$F$251,"Pris")
A11: Jours accordés ou pris : Formation | B11: =SUMIFS(Absences!$E$2:$E$251,Absences!$B$2:$B$251,"Formation",Absences!$F$2:$F$251,"Accordé")+SUMIFS(Absences!$E$2:$E$251,Absences!$B$2:$B$251,"Formation",Absences!$F$2:$F$251,"Pris")
A12: Jours accordés ou pris : Autre | B12: =SUMIFS(Absences!$E$2:$E$251,Absences!$B$2:$B$251,"Autre",Absences!$F$2:$F$251,"Accordé")+SUMIFS(Absences!$E$2:$E$251,Absences!$B$2:$B$251,"Autre",Absences!$F$2:$F$251,"Pris")

Sheet Mode d'emploi
A1: Suivi des congés et des absences : mode d'emploi
A3: COMMENT REMPLIR :
A4: 1. Onglet « Soldes » : une ligne par personne, avec son prénom ou son matricule, et le nombre de jours de congé de l'année que vous avez fixé.
A5: 2. Onglet « Absences » : une ligne par congé ou par absence. Choisissez la personne et le type dans les listes.
A6: 3. Du, Au : le premier et le dernier jour d'absence, sous la forme 05/10/2026. La case grise « Jours » compte du premier au dernier jour compris.
A7: 4. État : « Demandé » à la réception de la demande, puis « Accordé » ou « Refusé », puis « Pris » au retour de la personne.
A8: 5. Les jours de congé annuel accordés ou pris se retirent seuls du solde de la personne. Un solde dépassé s'affiche en rouge.
A10: À SAVOIR :
A11: Ce tableau compte les jours du calendrier, samedis, dimanches et jours fériés compris. La règle de décompte des congés dépend de votre pays et de votre convention : vérifiez-la auprès de l'inspection du travail.
A12: N'écrivez jamais la nature d'une maladie : le type « Maladie » suffit.
A14: EXEMPLE (ne modifiez pas cet exemple, il sert seulement de modèle) :
A15: Personne | B15: Type | C15: Du | D15: Au | E15: Jours | F15: État | G15: Remarque
A16: Magasinier 1 | B16: Congé annuel | C16: 46300 | D16: 46304 | E16: =D16-C16+1 | F16: Accordé
A17: Caissière | B17: Permission | C17: 46302 | D17: 46302 | E17: =D17-C17+1 | F17: Demandé | G17: Réponse à donner
A19: Dans cet exemple : le congé du 5 au 9 octobre compte 5 jours, retirés du solde de la personne. La permission d'un jour attend encore une réponse : elle n'est pas comptée.
A21: Document du kit « Ressources humaines » d'AI WORK KIT.
