Workbook

Sheet Productions
A1: N° | B1: Type | C1: Pour quelle publication ou quel client | D1: Format | E1: Le brief, en une ligne | F1: Outil | G1: Version | H1: État | I1: Échéance | J1: Jours restants | K1: Remarque
J2: =IF(OR($I2="",$H2="Terminé"),"",$I2-TODAY())
J3: =IF(OR($I3="",$H3="Terminé"),"",$I3-TODAY())
J4: =IF(OR($I4="",$H4="Terminé"),"",$I4-TODAY())
J5: =IF(OR($I5="",$H5="Terminé"),"",$I5-TODAY())
J6: =IF(OR($I6="",$H6="Terminé"),"",$I6-TODAY())
J7: =IF(OR($I7="",$H7="Terminé"),"",$I7-TODAY())
J8: =IF(OR($I8="",$H8="Terminé"),"",$I8-TODAY())
J9: =IF(OR($I9="",$H9="Terminé"),"",$I9-TODAY())
J10: =IF(OR($I10="",$H10="Terminé"),"",$I10-TODAY())
J11: =IF(OR($I11="",$H11="Terminé"),"",$I11-TODAY())
J12: =IF(OR($I12="",$H12="Terminé"),"",$I12-TODAY())
J13: =IF(OR($I13="",$H13="Terminé"),"",$I13-TODAY())
... J301: =IF(OR($I301="",$H301="Terminé"),"",$I301-TODAY())

Sheet Résumé
A1: Vos productions en un coup d'œil
A3: Productions à faire | B3: =COUNTIF(Productions!$H$2:$H$301,"À faire")
A4: Productions en cours | B4: =COUNTIF(Productions!$H$2:$H$301,"En cours")
A5: Productions à valider | B5: =COUNTIF(Productions!$H$2:$H$301,"À valider")
A6: Productions terminées | B6: =COUNTIF(Productions!$H$2:$H$301,"Terminé")
A7: Productions en retard | B7: =COUNTIF(Productions!$J$2:$J$301,"<0")
A8: À rendre dans 2 jours ou moins | B8: =COUNTIFS(Productions!$J$2:$J$301,">=0",Productions!$J$2:$J$301,"<=2")
A9: Productions de type : Visuel | B9: =COUNTIF(Productions!$B$2:$B$301,"Visuel")
A10: Productions de type : Vidéo | B10: =COUNTIF(Productions!$B$2:$B$301,"Vidéo")
A11: Productions de type : Son | B11: =COUNTIF(Productions!$B$2:$B$301,"Son")

Sheet Mode d'emploi
A1: Suivi des visuels et des vidéos : mode d'emploi
A3: COMMENT REMPLIR :
A4: 1. Une ligne par visuel, par vidéo ou par enregistrement à produire. Écrivez seulement dans les cases blanches : la case grise « Jours restants » se calcule seule.
A5: 2. Choisissez le type, le format et l'état dans les listes. Écrivez le brief en une ligne : ce que l'on doit voir ou entendre.
A6: 3. Version : 1 pour la première, 2 après une correction, et ainsi de suite.
A7: 4. Échéance sous la forme 05/10/2026. Une case rouge dans la colonne de date : retapez-la.
A8: 5. Remarque : notez l'accord reçu quand une personne apparaît à l'image ou prête sa voix, et ce que le client a demandé de changer.
A10: LA COLONNE JOURS RESTANTS :
A11: Elle compte les jours jusqu'à l'échéance. Orange à 2 jours ou moins, rouge quand la date est dépassée. La case se vide quand l'état passe à « Terminé ».
A13: L'ONGLET RÉSUMÉ :
A14: Il compte seul les productions à faire, en cours, à valider, terminées, en retard, et les productions par type.
A16: EXEMPLE (ne modifiez pas cet exemple, il sert seulement de modèle) :
A17: N° | B17: Type | C17: Pour quelle publication ou quel client | D17: Format | E17: Le brief, en une ligne | F17: Outil | G17: Version | H17: État | I17: Échéance | J17: Jours restants | K17: Remarque
A18: P-01 | B18: Visuel | C18: Publication du lundi | D18: Carré | E18: Le plat du jour vu de dessus, prix en haut à droite | F18: Canva | G18: 2 | H18: À valider | I18: 46300 | K18: Prix à vérifier avec la gérante
A19: P-02 | B19: Vidéo | C19: Statut du mercredi | D19: Vertical | E19: La cuisine en 20 secondes, trois plans | F19: CapCut | G19: 1 | H19: En cours | I19: 46302 | K19: La cuisinière a donné son accord
A21: Dans cet exemple : le visuel attend la validation de sa deuxième version. La vidéo est en cours de montage, et l'accord de la personne filmée est noté.
A23: Document du kit « Marketing » d'AI WORK KIT.
