Workbook

Sheet Devis
A1: Date d'envoi | B1: Code | C1: Client | D1: Objet | E1: Montant | F1: Statut | G1: Relances | H1: Jours depuis l'envoi
H2: =IF(AND($A2<>"",$F2="Envoyé"),TODAY()-$A2,"")
H3: =IF(AND($A3<>"",$F3="Envoyé"),TODAY()-$A3,"")
H4: =IF(AND($A4<>"",$F4="Envoyé"),TODAY()-$A4,"")
H5: =IF(AND($A5<>"",$F5="Envoyé"),TODAY()-$A5,"")
H6: =IF(AND($A6<>"",$F6="Envoyé"),TODAY()-$A6,"")
H7: =IF(AND($A7<>"",$F7="Envoyé"),TODAY()-$A7,"")
H8: =IF(AND($A8<>"",$F8="Envoyé"),TODAY()-$A8,"")
H9: =IF(AND($A9<>"",$F9="Envoyé"),TODAY()-$A9,"")
H10: =IF(AND($A10<>"",$F10="Envoyé"),TODAY()-$A10,"")
H11: =IF(AND($A11<>"",$F11="Envoyé"),TODAY()-$A11,"")
H12: =IF(AND($A12<>"",$F12="Envoyé"),TODAY()-$A12,"")
H13: =IF(AND($A13<>"",$F13="Envoyé"),TODAY()-$A13,"")
... H151: =IF(AND($A151<>"",$F151="Envoyé"),TODAY()-$A151,"")

Sheet Factures
A1: Date | B1: Code | C1: Client | D1: Montant | E1: Déjà payé | F1: Reste à payer | G1: Échéance | H1: Jours de retard | I1: Relances | J1: Date promise
F2: =IF($D2="","",$D2-$E2) | H2: =IF(AND(ISNUMBER($F2),$G2<>""),IF(AND($F2>0,$G2<TODAY()),TODAY()-$G2,""),"")
F3: =IF($D3="","",$D3-$E3) | H3: =IF(AND(ISNUMBER($F3),$G3<>""),IF(AND($F3>0,$G3<TODAY()),TODAY()-$G3,""),"")
F4: =IF($D4="","",$D4-$E4) | H4: =IF(AND(ISNUMBER($F4),$G4<>""),IF(AND($F4>0,$G4<TODAY()),TODAY()-$G4,""),"")
F5: =IF($D5="","",$D5-$E5) | H5: =IF(AND(ISNUMBER($F5),$G5<>""),IF(AND($F5>0,$G5<TODAY()),TODAY()-$G5,""),"")
F6: =IF($D6="","",$D6-$E6) | H6: =IF(AND(ISNUMBER($F6),$G6<>""),IF(AND($F6>0,$G6<TODAY()),TODAY()-$G6,""),"")
F7: =IF($D7="","",$D7-$E7) | H7: =IF(AND(ISNUMBER($F7),$G7<>""),IF(AND($F7>0,$G7<TODAY()),TODAY()-$G7,""),"")
F8: =IF($D8="","",$D8-$E8) | H8: =IF(AND(ISNUMBER($F8),$G8<>""),IF(AND($F8>0,$G8<TODAY()),TODAY()-$G8,""),"")
F9: =IF($D9="","",$D9-$E9) | H9: =IF(AND(ISNUMBER($F9),$G9<>""),IF(AND($F9>0,$G9<TODAY()),TODAY()-$G9,""),"")
F10: =IF($D10="","",$D10-$E10) | H10: =IF(AND(ISNUMBER($F10),$G10<>""),IF(AND($F10>0,$G10<TODAY()),TODAY()-$G10,""),"")
F11: =IF($D11="","",$D11-$E11) | H11: =IF(AND(ISNUMBER($F11),$G11<>""),IF(AND($F11>0,$G11<TODAY()),TODAY()-$G11,""),"")
F12: =IF($D12="","",$D12-$E12) | H12: =IF(AND(ISNUMBER($F12),$G12<>""),IF(AND($F12>0,$G12<TODAY()),TODAY()-$G12,""),"")
F13: =IF($D13="","",$D13-$E13) | H13: =IF(AND(ISNUMBER($F13),$G13<>""),IF(AND($F13>0,$G13<TODAY()),TODAY()-$G13,""),"")
... F151: =IF($D151="","",$D151-$E151) | H151: =IF(AND(ISNUMBER($F151),$G151<>""),IF(AND($F151>0,$G151<TODAY()),TODAY()-$G151,""),"")

Sheet Résumé
A1: Le point en un coup d'œil
A3: Devis en attente de réponse | B3: =COUNTIF(Devis!$F$2:$F$151,"Envoyé")
A4: Montant de ces devis, en FCFA | B4: =SUMIF(Devis!$F$2:$F$151,"Envoyé",Devis!$E$2:$E$151)
A5: Devis acceptés | B5: =COUNTIF(Devis!$F$2:$F$151,"Accepté")
A6: Montant des devis acceptés, en FCFA | B6: =SUMIF(Devis!$F$2:$F$151,"Accepté",Devis!$E$2:$E$151)
A7: Factures en retard | B7: =COUNTIF(Factures!$H$2:$H$151,">0")
A8: Reste à encaisser sur les factures en retard, en FCFA | B8: =SUMIF(Factures!$H$2:$H$151,">0",Factures!$F$2:$F$151)
A9: Dont en retard de plus de 30 jours, en FCFA | B9: =SUMIF(Factures!$H$2:$H$151,">30",Factures!$F$2:$F$151)
A10: Reste à encaisser, toutes factures, en FCFA | B10: =SUM(Factures!$F$2:$F$151)

Sheet Mode d'emploi
A1: Suivi des devis et des factures : mode d'emploi
A3: COMMENT REMPLIR :
A4: 1. Écrivez seulement dans les cases blanches. Les colonnes grises se calculent seules : n'y touchez pas.
A5: 2. Montants en chiffres, sans le mot FCFA. Dates sous la forme 05/10/2026.
A6: 3. Client : un code, un prénom ou une initiale. Jamais le numéro de téléphone.
A8: L'ONGLET DEVIS :
A9: Une ligne par devis envoyé. Statut : choisissez Envoyé, puis Accepté ou Refusé. Tant que le statut est « Envoyé », le nombre de jours depuis l'envoi s'affiche.
A10: Relances : le nombre de relances déjà faites pour ce devis : 0, 1, 2.
A12: L'ONGLET FACTURES :
A13: Une ligne par facture. Déjà payé : l'acompte reçu, puis chaque paiement qui s'ajoute. Le reste à payer se calcule seul.
A14: Échéance : la date à laquelle la facture doit être payée. Si elle est dépassée et qu'il reste à payer, le nombre de jours de retard s'affiche, en orange puis en rouge au-delà de 30 jours.
A15: Date promise : la date à laquelle le client a dit qu'il paierait.
... A26: EXEMPLE de l'onglet Factures (ne modifiez pas cet exemple, il sert seulement de modèle) :
A27: Date | B27: Code | C27: Client | D27: Montant | E27: Déjà payé | F27: Reste à payer | G27: Échéance | H27: Jours de retard | I27: Relances | J27: Date promise
A28: 46250 | B28: F-101 | C28: A. | D28: 380000 | E28: 100000 | F28: =D28-E28 | G28: 46265 | H28: 35 | I28: 2
A29: 46273 | B29: F-102 | C29: B. | D29: 190000 | E29: 0 | F29: =D29-E29 | G29: 46288 | H29: 12 | I29: 1
A30: 46280 | B30: F-103 | C30: C. | D30: 79500 | E30: 0 | F30: =D30-E30 | G30: 46295 | H30: 5 | I30: 0
A31: Reste à encaisser sur les factures en retard | F31: =SUM(F28:F30)
A33: Dans cet exemple, lu le 5 octobre 2026 : les trois factures sont en retard de 35, 12 et 5 jours. Il reste 549 500 FCFA à encaisser : 280 000 + 190 000 + 79 500.
A35: Document du kit « Vente / Commercial » d'AI WORK KIT.
