Workbook

Sheet Ventes
A1: Date | B1: Produit ou service | C1: Client | D1: Quantité | E1: Prix à l'unité | F1: Montant
F2: =IF(OR($D2="",$E2=""),"",$D2*$E2)
F3: =IF(OR($D3="",$E3=""),"",$D3*$E3)
F4: =IF(OR($D4="",$E4=""),"",$D4*$E4)
F5: =IF(OR($D5="",$E5=""),"",$D5*$E5)
F6: =IF(OR($D6="",$E6=""),"",$D6*$E6)
F7: =IF(OR($D7="",$E7=""),"",$D7*$E7)
F8: =IF(OR($D8="",$E8=""),"",$D8*$E8)
F9: =IF(OR($D9="",$E9=""),"",$D9*$E9)
F10: =IF(OR($D10="",$E10=""),"",$D10*$E10)
F11: =IF(OR($D11="",$E11=""),"",$D11*$E11)
F12: =IF(OR($D12="",$E12=""),"",$D12*$E12)
F13: =IF(OR($D13="",$E13=""),"",$D13*$E13)
... F501: =IF(OR($D501="",$E501=""),"",$D501*$E501)

Sheet Mois
A1: Le mois en chiffres
A3: Mois à regarder | C3: Écrivez le 1er jour du mois, par exemple 01/10/2026. Laissez vide pour voir toutes les ventes.
A4: Objectif du mois, en FCFA | C4: Écrivez votre objectif, en chiffres.
A6: Ventes du mois, en FCFA | B6: =IF($B$3="",SUM(Ventes!$F$2:$F$501),SUMIFS(Ventes!$F$2:$F$501,Ventes!$A$2:$A$501,">="&$B$3,Ventes!$A$2:$A$501,"<"&EDATE($B$3,1)))
A7: Reste à vendre, en FCFA | B7: =IF($B$4="","",MAX(0,$B$4-$B$6))
A8: Part de l'objectif atteinte | B8: =IF(OR($B$4="",$B$4=0),"",$B$6/$B$4)
A9: Nombre de ventes | B9: =IF($B$3="",COUNT(Ventes!$F$2:$F$501),COUNTIFS(Ventes!$A$2:$A$501,">="&$B$3,Ventes!$A$2:$A$501,"<"&EDATE($B$3,1),Ventes!$F$2:$F$501,">0"))
A11: Semaine du mois | B11: Ventes, en FCFA
A12: Du 1er au 7 | B12: =IF($B$3="","",SUMIFS(Ventes!$F$2:$F$501,Ventes!$A$2:$A$501,">="&($B$3+0),Ventes!$A$2:$A$501,"<"&($B$3+7))) | C12: Ces lignes se remplissent quand le mois à regarder est écrit.
A13: Du 8 au 14 | B13: =IF($B$3="","",SUMIFS(Ventes!$F$2:$F$501,Ventes!$A$2:$A$501,">="&($B$3+7),Ventes!$A$2:$A$501,"<"&($B$3+14)))
A14: Du 15 au 21 | B14: =IF($B$3="","",SUMIFS(Ventes!$F$2:$F$501,Ventes!$A$2:$A$501,">="&($B$3+14),Ventes!$A$2:$A$501,"<"&($B$3+21)))
A15: Du 22 au 28 | B15: =IF($B$3="","",SUMIFS(Ventes!$F$2:$F$501,Ventes!$A$2:$A$501,">="&($B$3+21),Ventes!$A$2:$A$501,"<"&($B$3+28)))
A16: Du 29 à la fin du mois | B16: =IF($B$3="","",SUMIFS(Ventes!$F$2:$F$501,Ventes!$A$2:$A$501,">="&($B$3+28),Ventes!$A$2:$A$501,"<"&(EDATE($B$3,1))))

Sheet Mode d'emploi
A1: Tableau de bord des ventes : mode d'emploi
A3: COMMENT REMPLIR :
A4: 1. Onglet Ventes : une ligne par vente. Écrivez la date, le produit ou le service, la quantité et le prix d'une seule unité, en chiffres, sans le mot FCFA.
A5: 2. La colonne grise « Montant » se calcule seule : n'y touchez pas.
A6: 3. Client : un code, un prénom ou une initiale. Jamais le numéro de téléphone. La case peut rester vide.
A7: 4. Si une date, une quantité ou un prix devient rouge, retapez la case : une date sous la forme 05/10/2026, un nombre en chiffres seulement.
A9: L'ONGLET MOIS :
A10: Dans les deux cases jaunes, écrivez le 1er jour du mois à regarder et votre objectif du mois.
A11: Le tableau donne seul les ventes du mois, ce qu'il reste à vendre, la part de l'objectif atteinte et les ventes de chaque semaine.
A13: LE POINT DU VENDREDI :
A14: Copiez vos ventes de la semaine (date, produit, montant) et collez-les dans votre IA, avec votre objectif. Ne copiez ni nom ni numéro.
A16: EXEMPLE (ne modifiez pas cet exemple, il sert seulement de modèle) :
A17: Date | B17: Produit ou service | C17: Client | D17: Quantité | E17: Prix à l'unité | F17: Montant
A18: 46297 | B18: Site vitrine | C18: C-013 | D18: 1 | E18: 180000 | F18: =D18*E18
A19: 46304 | B19: Gestion de page, octobre | C19: C-007 | D19: 1 | E19: 140000 | F19: =D19*E19
A20: 46311 | B20: Gestion de page, octobre | C20: C-021 | D20: 1 | E20: 140000 | F20: =D20*E20
A21: Ventes du mois | F21: =SUM(F18:F20)
A23: Avec un objectif de 800 000 FCFA, ces trois ventes font 460 000 FCFA : il reste 340 000 FCFA à vendre, et 57,5 % de l'objectif sont atteints.
A25: Document du kit « Vente / Commercial » d'AI WORK KIT.
